,1yr-1yr,1yr-2yr,1yr-3yr,1yr-4yr
1yr-1yr,0.0005261815016148012,0.00024072440455266247,0.00018149458974357495,0.0001844481855795808
1yr-2yr,0.00024072440455266247,0.00024400037645151468,9.132423008547684e-05,0.00010400608969296007
1yr-3yr,0.00018149458974357495,9.132423008547684e-05,0.00014885901035642564,9.14609661301863e-05
1yr-4yr,0.0001844481855795808,0.00010400608969296007,9.14609661301863e-05,0.0001049463439428595
